 Submission ID ,  Username  ,Problem_Name  ,Language,Verdict,Date
180532988,jahirul,Factorise N+M,GNU C++17,OK,2022-11-12 07:16:57
180452934,jahirul,Swap Game,GNU C++17,OK,2022-11-11 17:05:00
180425070,jahirul,Swap Game,GNU C++17,WRONG_ANSWER,2022-11-11 12:18:57
180424791,jahirul,Swap Game,GNU C++17,WRONG_ANSWER,2022-11-11 12:15:22
180424740,jahirul,Swap Game,GNU C++17,TIME_LIMIT_EXCEEDED,2022-11-11 12:14:39
180424190,jahirul,Swap Game,GNU C++17,WRONG_ANSWER,2022-11-11 12:07:07
180420242,jahirul,BAN BAN,GNU C++17,OK,2022-11-11 11:07:11
180326393,jahirul,BAN BAN,GNU C++17,WRONG_ANSWER,2022-11-10 21:55:46
180267105,jahirul,BAN BAN,GNU C++17,WRONG_ANSWER,2022-11-10 11:50:28
180264086,jahirul,Two Groups,GNU C++17,OK,2022-11-10 10:53:06
173449065,jahirul,Planets,GNU C++17,OK,2022-09-25 20:47:09
173239645,jahirul,Removing Smallest Multiples,GNU C++17,WRONG_ANSWER,2022-09-23 22:30:20
173183705,jahirul,Select Three Sticks,GNU C++17,OK,2022-09-23 18:33:16
173183522,jahirul,Select Three Sticks,GNU C++17,MEMORY_LIMIT_EXCEEDED,2022-09-23 18:32:56
172458177,jahirul,Decode String,GNU C++17,OK,2022-09-17 19:08:07
172163953,jahirul,Jumping on Tiles,GNU C++17,WRONG_ANSWER,2022-09-14 22:07:27
172161433,jahirul,Jumping on Tiles,GNU C++17,WRONG_ANSWER,2022-09-14 21:44:06
172127103,jahirul,Jumping on Tiles,GNU C++17,OK,2022-09-14 16:27:27
171946940,jahirul,Decode String,GNU C++17,OK,2022-09-12 22:58:25
171946636,jahirul,Two Elevators,GNU C++17,OK,2022-09-12 22:57:17
171946534,jahirul,Two Elevators,GNU C++17,TIME_LIMIT_EXCEEDED,2022-09-12 22:56:57
171489193,jahirul,Digital Logarithm,GNU C++17,OK,2022-09-09 15:53:50
171387904,jahirul,Best Permutation,GNU C++17,OK,2022-09-08 21:18:49
171380301,jahirul,Best Permutation,GNU C++17,WRONG_ANSWER,2022-09-08 21:08:17
171358763,jahirul,Colored Balls: Revisited,GNU C++17,OK,2022-09-08 20:45:33
171145579,jahirul,Mainak and Array,GNU C++17,OK,2022-09-06 22:37:43
171134750,jahirul,Mainak and Array,GNU C++17,WRONG_ANSWER,2022-09-06 22:11:17
171124404,jahirul,Mainak and Array,GNU C++17,WRONG_ANSWER,2022-09-06 21:50:08
171119668,jahirul,Mainak and Array,GNU C++17,WRONG_ANSWER,2022-09-06 21:41:35
171112307,jahirul,Mainak and Array,GNU C++17,WRONG_ANSWER,2022-09-06 21:29:36
171109196,jahirul,Mainak and Array,GNU C++17,WRONG_ANSWER,2022-09-06 21:24:51
171101881,jahirul,Mainak and Array,GNU C++17,WRONG_ANSWER,2022-09-06 21:14:49
171101520,jahirul,Mainak and Array,GNU C++17,MEMORY_LIMIT_EXCEEDED,2022-09-06 21:14:19
171098839,jahirul,Mainak and Array,GNU C++17,WRONG_ANSWER,2022-09-06 21:11:02
170953244,jahirul,Garage,GNU C++17,OK,2022-09-05 19:50:24
170852071,jahirul,Basketball Together,GNU C++17,OK,2022-09-04 20:07:24
170849746,jahirul,Basketball Together,GNU C++17,WRONG_ANSWER,2022-09-04 19:56:16
170846670,jahirul,Accumulation of Dominoes,GNU C++17,OK,2022-09-04 19:44:21
170842045,jahirul,Paranoid String,GNU C++17,OK,2022-09-04 19:06:35
170841939,jahirul,Paranoid String,GNU C++17,WRONG_ANSWER,2022-09-04 19:05:21
170749694,jahirul,Paranoid String,GNU C++17,WRONG_ANSWER,2022-09-03 20:14:58
170746088,jahirul,AND Sorting,GNU C++17,OK,2022-09-03 19:40:05
170429771,jahirul,Line,GNU C++17,OK,2022-09-01 04:07:10
170331407,jahirul,Colourblindness,GNU C++17,OK,2022-08-31 06:59:25
170330171,jahirul,Word Game,GNU C++17,OK,2022-08-31 06:23:00
170329495,jahirul,Spell Check,GNU C++17,OK,2022-08-31 06:02:26
170329483,jahirul,Spell Check,GNU C++17,IDLENESS_LIMIT_EXCEEDED,2022-08-31 06:02:08
170329049,jahirul,Spell Check,GNU C++17,WRONG_ANSWER,2022-08-31 05:47:20
169868183,jahirul,Deadly Laser,GNU C++17,OK,2022-08-27 21:52:57
169818138,jahirul,Image,GNU C++17,OK,2022-08-27 20:48:30
169321762,jahirul,Mocha and Hiking,GNU C++17,OK,2022-08-22 16:31:37
169321425,jahirul,Mocha and Hiking,GNU C++17,WRONG_ANSWER,2022-08-22 16:27:42
169321377,jahirul,Mocha and Hiking,GNU C++17,RUNTIME_ERROR,2022-08-22 16:27:10
169320842,jahirul,Mocha and Hiking,GNU C++17,WRONG_ANSWER,2022-08-22 16:20:26
169320736,jahirul,Mocha and Hiking,GNU C++17,WRONG_ANSWER,2022-08-22 16:19:27
169185411,jahirul,Difference Operations,GNU C++17,OK,2022-08-21 05:55:23
169184594,jahirul,Beautiful Array,GNU C++17,OK,2022-08-21 05:30:25
169184414,jahirul,Beautiful Array,GNU C++17,WRONG_ANSWER,2022-08-21 05:25:16
169112046,jahirul,Crossmarket,GNU C++17,OK,2022-08-20 21:01:22
169041854,jahirul,Interesting Sum,GNU C++17,OK,2022-08-20 12:09:05
169041762,jahirul,Interesting Sum,GNU C++17,RUNTIME_ERROR,2022-08-20 12:07:54
169037423,jahirul,Mark the Dust Sweeper,GNU C++17,OK,2022-08-20 11:07:05
169037336,jahirul,Mark the Dust Sweeper,GNU C++17,RUNTIME_ERROR,2022-08-20 11:05:48
169037284,jahirul,Mark the Dust Sweeper,GNU C++17,WRONG_ANSWER,2022-08-20 11:04:57
168869032,jahirul,Burenka Plays with Fractions,GNU C++17,OK,2022-08-18 22:40:28
168868257,jahirul,Burenka Plays with Fractions,GNU C++17,RUNTIME_ERROR,2022-08-18 22:37:38
168828427,jahirul,Difference of GCDs,GNU C++17,OK,2022-08-18 20:13:09
168825627,jahirul,Difference of GCDs,GNU C++17,TIME_LIMIT_EXCEEDED,2022-08-18 20:08:30
168825466,jahirul,Difference of GCDs,GNU C++17,TIME_LIMIT_EXCEEDED,2022-08-18 20:08:07
168804877,jahirul,Difference of GCDs,GNU C++17,WRONG_ANSWER,2022-08-18 19:15:23
168804813,jahirul,Difference of GCDs,GNU C++17,TIME_LIMIT_EXCEEDED,2022-08-18 19:14:49
168706319,jahirul,Build Permutation,GNU C++17,OK,2022-08-17 19:55:03
168470433,jahirul,Sort Zero,GNU C++17,OK,2022-08-16 13:06:54
168470341,jahirul,Sort Zero,GNU C++17,OK,2022-08-16 13:05:52
168463080,jahirul,Sort Zero,GNU C++17,MEMORY_LIMIT_EXCEEDED,2022-08-16 11:32:54
168446652,jahirul,Food Buying,GNU C++17,OK,2022-08-16 05:53:14
168380579,jahirul,Kuriyama Mirai's Stones,GNU C++17,OK,2022-08-15 18:37:04
168352781,jahirul,Construct the String,GNU C++17,OK,2022-08-15 14:20:50
168338125,jahirul,Borze,GNU C++17,OK,2022-08-15 11:17:18
168337142,jahirul,T-primes,GNU C++17,OK,2022-08-15 10:59:00
168336995,jahirul,T-primes,GNU C++17,OK,2022-08-15 10:55:57
168336925,jahirul,T-primes,GNU C++17,WRONG_ANSWER,2022-08-15 10:54:40
168336684,jahirul,T-primes,GNU C++17,WRONG_ANSWER,2022-08-15 10:50:28
168336275,jahirul,T-primes,GNU C++17,WRONG_ANSWER,2022-08-15 10:42:50
168336180,jahirul,T-primes,GNU C++17,WRONG_ANSWER,2022-08-15 10:41:20
168281450,jahirul,Lovely Palindromes,GNU C++17,OK,2022-08-14 20:42:07
168152563,jahirul,Sort Zero,GNU C++17,WRONG_ANSWER,2022-08-13 21:43:45
168150492,jahirul,Sort Zero,GNU C++17,WRONG_ANSWER,2022-08-13 21:39:32
168133174,jahirul,Woeful Permutation,GNU C++17,OK,2022-08-13 21:11:40
168122196,jahirul,Wonderful Permutation,GNU C++17,OK,2022-08-13 20:59:31
168100110,jahirul,Wonderful Permutation,GNU C++17,WRONG_ANSWER,2022-08-13 20:42:51
168075849,jahirul,Sum of Cubes,GNU C++17,OK,2022-08-13 18:12:03
168075619,jahirul,Sum of Cubes,GNU C++17,TIME_LIMIT_EXCEEDED,2022-08-13 18:09:30
168058428,jahirul,K-th Not Divisible by n,GNU C++17,OK,2022-08-13 15:19:25
168043853,jahirul,K-divisible Sum,GNU C++17,OK,2022-08-13 12:25:48
168043310,jahirul,K-divisible Sum,GNU C++17,WRONG_ANSWER,2022-08-13 12:17:56
168039056,jahirul,Road To Zero,GNU C++17,OK,2022-08-13 11:08:55
168034828,jahirul,Product of Three Numbers,GNU C++17,TIME_LIMIT_EXCEEDED,2022-08-13 09:43:05
168029755,jahirul,Product of Three Numbers,GNU C++17,WRONG_ANSWER,2022-08-13 07:49:58
168027749,jahirul,Product of Three Numbers,GNU C++17,TIME_LIMIT_EXCEEDED,2022-08-13 06:55:04
168027567,jahirul,Product of Three Numbers,GNU C++17,TIME_LIMIT_EXCEEDED,2022-08-13 06:49:12
167984213,jahirul,Ordinary Numbers,GNU C++17,OK,2022-08-12 20:37:08
167983767,jahirul,Same Differences,GNU C++17,OK,2022-08-12 20:33:18
167983483,jahirul,Same Differences,GNU C++17,OK,2022-08-12 20:31:02
167970920,jahirul,Same Differences,GNU C++17,TIME_LIMIT_EXCEEDED,2022-08-12 18:40:53
167969575,jahirul,Ternary XOR,GNU C++17,OK,2022-08-12 18:26:17
167968523,jahirul,Ternary XOR,GNU C++17,RUNTIME_ERROR,2022-08-12 18:15:10
167968297,jahirul,Ternary XOR,GNU C++17,RUNTIME_ERROR,2022-08-12 18:12:41
167967498,jahirul,Ternary XOR,GNU C++17,WRONG_ANSWER,2022-08-12 18:03:58
167962910,jahirul,Xenia and Ringroad,GNU C++17,OK,2022-08-12 17:09:31
167934096,jahirul,Cut Ribbon,GNU C++17,WRONG_ANSWER,2022-08-12 11:01:11
167934008,jahirul,Cut Ribbon,GNU C++17,WRONG_ANSWER,2022-08-12 10:59:55
167932903,jahirul,Cut Ribbon,GNU C++17,WRONG_ANSWER,2022-08-12 10:42:52
167932604,jahirul,Cut Ribbon,GNU C++17,WRONG_ANSWER,2022-08-12 10:38:34
167810621,jahirul,Buttons,GNU C++17,OK,2022-08-11 06:20:57
167778352,jahirul,Pashmak and Flowers,GNU C++17,OK,2022-08-10 22:11:11
167777811,jahirul,Pashmak and Flowers,GNU C++17,WRONG_ANSWER,2022-08-10 22:05:22
167777523,jahirul,Pashmak and Flowers,GNU C++17,WRONG_ANSWER,2022-08-10 22:02:44
167777019,jahirul,Pashmak and Flowers,GNU C++17,WRONG_ANSWER,2022-08-10 21:57:16
167776468,jahirul,Pashmak and Flowers,GNU C++17,WRONG_ANSWER,2022-08-10 21:51:00
167776019,jahirul,Pashmak and Flowers,GNU C++17,WRONG_ANSWER,2022-08-10 21:46:07
167775783,jahirul,Pashmak and Flowers,GNU C++17,WRONG_ANSWER,2022-08-10 21:43:32
167775312,jahirul,Pashmak and Flowers,GNU C++17,WRONG_ANSWER,2022-08-10 21:38:02
167768068,jahirul,Fence,GNU C++17,OK,2022-08-10 20:23:03
167767804,jahirul,Ilya and Queries,GNU C++17,TIME_LIMIT_EXCEEDED,2022-08-10 20:20:33
167767622,jahirul,Ilya and Queries,GNU C++17,OK,2022-08-10 20:19:03
167767565,jahirul,Ilya and Queries,GNU C++17,OK,2022-08-10 20:18:30
167767110,jahirul,Ilya and Queries,GNU C++17,OK,2022-08-10 20:14:16
167765791,jahirul,Ilya and Queries,GNU C++17,TIME_LIMIT_EXCEEDED,2022-08-10 20:03:04
167744786,jahirul,Worms,GNU C++17,OK,2022-08-10 17:50:19
167726145,jahirul,Sort the Array,GNU C++17,OK,2022-08-10 14:49:26
167713045,jahirul,Sort the Array,GNU C++17,WRONG_ANSWER,2022-08-10 12:34:01
167712685,jahirul,Sort the Array,GNU C++17,WRONG_ANSWER,2022-08-10 12:29:41
167709408,jahirul,Interesting drink,GNU C++17,OK,2022-08-10 11:47:36
167708043,jahirul,Interesting drink,GNU C++17,TIME_LIMIT_EXCEEDED,2022-08-10 11:25:05
167707900,jahirul,Interesting drink,GNU C++17,WRONG_ANSWER,2022-08-10 11:22:56
167656685,jahirul,Fence,GNU C++17,OK,2022-08-09 22:00:14
167656562,jahirul,Fence,GNU C++17,WRONG_ANSWER,2022-08-09 21:59:04
167654441,jahirul,Fence,GNU C++17,WRONG_ANSWER,2022-08-09 21:39:41
167647775,jahirul,Fence,GNU C++17,WRONG_ANSWER,2022-08-09 20:37:54
167647087,jahirul,Fence,GNU C++17,WRONG_ANSWER,2022-08-09 20:32:02
167646857,jahirul,Fence,GNU C++17,WRONG_ANSWER,2022-08-09 20:30:11
167646619,jahirul,Fence,GNU C++17,WRONG_ANSWER,2022-08-09 20:28:10
167646239,jahirul,Fence,GNU C++17,WRONG_ANSWER,2022-08-09 20:24:51
167644067,jahirul,A and B and Compilation Errors,GNU C++17,OK,2022-08-09 20:05:25
167635458,jahirul,A and B and Compilation Errors,GNU C++17,WRONG_ANSWER,2022-08-09 18:47:41
167573063,jahirul,Vanya and Lanterns,GNU C++17,OK,2022-08-09 06:57:56
167571348,jahirul,Vanya and Lanterns,GNU C++17,WRONG_ANSWER,2022-08-09 06:08:27
167569639,jahirul,Flipping Game,GNU C++17,OK,2022-08-09 05:16:46
167569455,jahirul,Flipping Game,GNU C++17,WRONG_ANSWER,2022-08-09 05:11:40
167457127,jahirul,Unique Bid Auction,GNU C++17,OK,2022-08-08 05:26:02
167405573,jahirul,Same Parity Summands,GNU C++17,OK,2022-08-07 20:15:48
167394756,jahirul,Same Parity Summands,GNU C++17,WRONG_ANSWER,2022-08-07 18:35:15
167394721,jahirul,Same Parity Summands,Python 3,COMPILATION_ERROR,2022-08-07 18:34:50
167387139,jahirul,Two-gram,Python 3,OK,2022-08-07 17:23:18
167380599,jahirul,Two-gram,GNU C++17,OK,2022-08-07 16:18:53
167334267,jahirul,Optimal Reduction,GNU C++17,OK,2022-08-07 05:45:50
167291078,jahirul,Optimal Reduction,GNU C++17,WRONG_ANSWER,2022-08-06 22:05:59
167273446,jahirul,Optimal Reduction,GNU C++17,WRONG_ANSWER,2022-08-06 21:30:10
167246081,jahirul,Traveling Salesman Problem,GNU C++17,OK,2022-08-06 20:52:21
167198767,jahirul,Median Maximization,GNU C++17,OK,2022-08-06 15:00:14
167189910,jahirul,Digit Game,GNU C++17,OK,2022-08-06 13:27:27
167189000,jahirul,Digit Game,GNU C++17,WRONG_ANSWER,2022-08-06 13:16:43
167186012,jahirul,Arithmetic Array,GNU C++17,OK,2022-08-06 12:42:11
167066074,jahirul,Three Doors,GNU C++17,OK,2022-08-05 12:32:35
167062953,jahirul,Permutation Chain,GNU C++17,OK,2022-08-05 11:59:26
166941905,jahirul,2-3 Moves,GNU C++17,OK,2022-08-04 20:44:02
166843922,jahirul,Arrival of the General,GNU C++17,OK,2022-08-04 00:35:28
166724518,jahirul,Everyone Loves to Sleep,GNU C++17,OK,2022-08-02 23:25:49
166601560,jahirul,Everyone Loves to Sleep,GNU C++17,WRONG_ANSWER,2022-08-01 22:58:36
166593051,jahirul,Everyone Loves to Sleep,GNU C++17,WRONG_ANSWER,2022-08-01 22:38:56
166568579,jahirul,Minimum  Varied Number,GNU C++17,OK,2022-08-01 21:52:16
166554298,jahirul,Remove Prefix,GNU C++17,OK,2022-08-01 21:29:57
166538475,jahirul,Everyone Loves to Sleep,GNU C++17,WRONG_ANSWER,2022-08-01 21:09:59
166533480,jahirul,Everyone Loves to Sleep,GNU C++17,WRONG_ANSWER,2022-08-01 21:04:42
166073432,jahirul,Perfect Permutation,GNU C++17,OK,2022-07-29 11:18:05
165305878,jahirul,Free Ice Cream,GNU C++17,OK,2022-07-22 18:12:27
164155676,jahirul,Special Permutation,GNU C++17,WRONG_ANSWER,2022-07-14 19:57:32
163977915,jahirul,Cypher,GNU C++17,OK,2022-07-13 09:54:18
163890776,jahirul,ICPC Balloons,GNU C++17,OK,2022-07-12 21:40:02
163866777,jahirul,YES or YES?,GNU C++17,OK,2022-07-12 21:12:06
163855557,jahirul,YES or YES?,GNU C++17,WRONG_ANSWER,2022-07-12 21:02:04
163779099,jahirul,Display The Number,GNU C++17,OK,2022-07-12 16:24:48
163776640,jahirul,Magic Numbers,GNU C++17,OK,2022-07-12 16:02:38
163773588,jahirul,Level Statistics,GNU C++17,OK,2022-07-12 15:37:01
163697981,jahirul,Crazy Computer,GNU C++17,OK,2022-07-11 22:18:10
163563988,jahirul,Train and Queries,GNU C++17,TIME_LIMIT_EXCEEDED,2022-07-10 22:23:34
163563076,jahirul,Train and Queries,GNU C++17,WRONG_ANSWER,2022-07-10 22:21:53
163548878,jahirul,Polycarp Writes a String from Memory,GNU C++17,OK,2022-07-10 21:57:57
163534547,jahirul,Round Down the Price,GNU C++17,OK,2022-07-10 21:36:57
163387050,jahirul,Life of a Flower,GNU C++17,OK,2022-07-09 20:33:21
163386857,jahirul,Life of a Flower,GNU C++17,WRONG_ANSWER,2022-07-09 20:30:45
163378133,jahirul,Copy-paste,GNU C++17,OK,2022-07-09 18:33:00
163374842,jahirul,Game 23,GNU C++17,OK,2022-07-09 17:47:14
163291441,jahirul,Permutation,GNU C++17,WRONG_ANSWER,2022-07-08 22:16:53
163285334,jahirul,Grass Field,GNU C++17,OK,2022-07-08 22:02:54
163214252,jahirul,Stable Arrangement of Rooks,GNU C++17,OK,2022-07-08 20:12:58
163214010,jahirul,Stable Arrangement of Rooks,GNU C++17,WRONG_ANSWER,2022-07-08 20:09:32
163191429,jahirul,Space Navigation ,GNU C++17,OK,2022-07-08 15:29:21
163156576,jahirul,Find The Array,GNU C++17,OK,2022-07-08 06:57:01
163156447,jahirul,Find The Array,GNU C++17,WRONG_ANSWER,2022-07-08 06:54:54
163156404,jahirul,Find The Array,GNU C++17,WRONG_ANSWER,2022-07-08 06:53:19
163048001,jahirul,Berland Poker,GNU C++17,OK,2022-07-07 05:45:09
163015490,jahirul,Construct a Rectangle,GNU C++17,OK,2022-07-06 20:47:21
163014168,jahirul,Construct a Rectangle,GNU C++17,WRONG_ANSWER,2022-07-06 20:31:54
163013993,jahirul,Construct a Rectangle,GNU C++17,WRONG_ANSWER,2022-07-06 20:29:54
163010094,jahirul,Minimum Product,GNU C++17,OK,2022-07-06 19:49:30
163000894,jahirul,Bad Ugly Numbers,GNU C++17,OK,2022-07-06 18:24:51
163000464,jahirul,Bad Ugly Numbers,GNU C++17,WRONG_ANSWER,2022-07-06 18:21:01
162964480,jahirul,PizzaForces,GNU C++17,OK,2022-07-06 12:09:05
162960971,jahirul,Two Regular Polygons,GNU C++17,OK,2022-07-06 11:24:07
162960884,jahirul,Two Regular Polygons,GNU C++17,WRONG_ANSWER,2022-07-06 11:22:51
162960406,jahirul,Two Regular Polygons,GNU C++17,OK,2022-07-06 11:15:48
162960342,jahirul,Two Regular Polygons,GNU C++17,OK,2022-07-06 11:14:58
162959429,jahirul,Two Regular Polygons,GNU C++17,OK,2022-07-06 11:02:06
162956178,jahirul,Middle Class,GNU C++17,OK,2022-07-06 10:06:39
162955411,jahirul,Middle Class,GNU C++17,WRONG_ANSWER,2022-07-06 09:52:19
162955287,jahirul,Middle Class,GNU C++17,WRONG_ANSWER,2022-07-06 09:49:46
162944513,jahirul,Cinema Line,GNU C++17,OK,2022-07-06 06:14:34
162944101,jahirul,Cinema Line,GNU C++17,OK,2022-07-06 06:01:02
162944025,jahirul,Cinema Line,GNU C++17,WRONG_ANSWER,2022-07-06 05:58:56
162943956,jahirul,Cinema Line,GNU C++17,WRONG_ANSWER,2022-07-06 05:56:42
162943542,jahirul,Cinema Line,GNU C++17,WRONG_ANSWER,2022-07-06 05:41:55
162943495,jahirul,Cinema Line,GNU C++17,WRONG_ANSWER,2022-07-06 05:40:40
162854927,jahirul,ABC,GNU C++17,OK,2022-07-05 12:00:06
162853913,jahirul,Download More RAM,GNU C++17,OK,2022-07-05 11:46:14
162853835,jahirul,Download More RAM,GNU C++17,OK,2022-07-05 11:45:10
162853477,jahirul,Download More RAM,GNU C++17,OK,2022-07-05 11:39:37
162852562,jahirul,Download More RAM,GNU C++17,OK,2022-07-05 11:26:13
162809250,jahirul,Odd/Even Increments,GNU C++17,OK,2022-07-04 22:53:31
162802084,jahirul,Triple,GNU C++17,OK,2022-07-04 22:14:16
162797996,jahirul,Division?,GNU C++17,OK,2022-07-04 21:59:19
162774543,jahirul,Almost Ternary Matrix,GNU C++17,WRONG_ANSWER,2022-07-04 20:58:46
162762802,jahirul,The Third Three Number Problem,GNU C++17,OK,2022-07-04 20:43:10
162745438,jahirul,Equation,GNU C++17,WRONG_ANSWER,2022-07-04 18:47:39
162744914,jahirul,Equation,GNU C++17,OK,2022-07-04 18:42:27
162744251,jahirul,Equation,GNU C++17,WRONG_ANSWER,2022-07-04 18:36:21
162743804,jahirul,Equation,GNU C++17,WRONG_ANSWER,2022-07-04 18:32:16
162743488,jahirul,Equation,GNU C++17,WRONG_ANSWER,2022-07-04 18:29:27
162740800,jahirul,A+B (Trial Problem),GNU C++17,OK,2022-07-04 18:02:12
162740680,jahirul,A+B (Trial Problem),GNU C++17,WRONG_ANSWER,2022-07-04 18:01:08
162642339,jahirul,Bogosort,GNU C++17,OK,2022-07-03 18:36:27
162598397,jahirul,Strange Partition,GNU C++17,OK,2022-07-03 08:16:55
162598347,jahirul,Strange Partition,GNU C++17,WRONG_ANSWER,2022-07-03 08:15:43
162598286,jahirul,Strange Partition,GNU C++17,WRONG_ANSWER,2022-07-03 08:14:05
162598209,jahirul,Strange Partition,GNU C++17,WRONG_ANSWER,2022-07-03 08:11:56
162596624,jahirul,Maximum Cost Deletion,GNU C++17,OK,2022-07-03 07:30:36
162596280,jahirul,Maximum Cost Deletion,GNU C++17,WRONG_ANSWER,2022-07-03 07:20:06
162593620,jahirul,Reorder,GNU C++17,OK,2022-07-03 05:51:03
162548129,jahirul,Common Subsequence,GNU C++17,OK,2022-07-02 19:06:04
162545760,jahirul,Mezo Playing Zoma,GNU C++17,OK,2022-07-02 18:40:19
162545446,jahirul,Mezo Playing Zoma,GNU C++17,OK,2022-07-02 18:36:56
162280954,jahirul,Candy Bags,GNU C++17,OK,2022-06-30 02:53:34
162279069,jahirul,From Hero to Zero,GNU C++17,OK,2022-06-30 02:16:37
162190050,jahirul,Chewbaсca and Number,GNU C++17,OK,2022-06-29 08:11:55
162155582,jahirul,Chewbaсca and Number,GNU C++17,WRONG_ANSWER,2022-06-28 23:02:00
162147223,jahirul,Chewbaсca and Number,GNU C++17,WRONG_ANSWER,2022-06-28 22:35:09
162144271,jahirul,Chewbaсca and Number,GNU C++17,WRONG_ANSWER,2022-06-28 22:28:59
162141400,jahirul,XOR Mixup,GNU C++17,OK,2022-06-28 22:23:05
162027073,jahirul,Polycarp and Sums of Subsequences,GNU C++17,OK,2022-06-28 14:59:21
161819338,jahirul,NIT Destroys the Universe,GNU C++17,OK,2022-06-26 06:08:26
161819307,jahirul,NIT Destroys the Universe,GNU C++17,WRONG_ANSWER,2022-06-26 06:06:37
161819102,jahirul,NIT Destroys the Universe,GNU C++17,WRONG_ANSWER,2022-06-26 05:57:37
161799295,jahirul,NIT orz!,GNU C++17,OK,2022-06-25 23:35:46
161707698,jahirul,Odd Set,GNU C++17,OK,2022-06-25 14:41:25
161608087,jahirul,Minimums and Maximums,GNU C++17,OK,2022-06-24 11:43:52
161607961,jahirul,Minimums and Maximums,GNU C++17,WRONG_ANSWER,2022-06-24 11:41:28
161602157,jahirul,Arpa’s hard exam and Mehrdad’s naive cheat,GNU C++17,OK,2022-06-24 09:27:24
161569855,jahirul,Double Cola,GNU C++17,OK,2022-06-23 21:49:36
161548392,jahirul,Minority,GNU C++17,OK,2022-06-23 17:11:20
161513137,jahirul,Div. 7,GNU C++17,OK,2022-06-23 06:23:39
161467182,jahirul,Nastia and Nearly Good Numbers,GNU C++17,OK,2022-06-22 17:02:37
161467112,jahirul,Nastia and Nearly Good Numbers,GNU C++17,WRONG_ANSWER,2022-06-22 17:01:41
161466772,jahirul,Nastia and Nearly Good Numbers,GNU C++17,WRONG_ANSWER,2022-06-22 16:56:57
161466396,jahirul,Nastia and Nearly Good Numbers,GNU C++17,WRONG_ANSWER,2022-06-22 16:52:38
161433608,jahirul,Stone Game,GNU C++17,OK,2022-06-22 06:52:48
161433348,jahirul,Stone Game,GNU C++17,WRONG_ANSWER,2022-06-22 06:40:57
161432252,jahirul,Friends and Candies,GNU C++17,OK,2022-06-22 05:44:05
161347863,jahirul,Dense Array,GNU C++17,OK,2022-06-21 05:32:13
161263211,jahirul,Ichihime and Triangle,GNU C++17,OK,2022-06-20 07:03:22
161263098,jahirul,Ichihime and Triangle,GNU C++17,WRONG_ANSWER,2022-06-20 06:58:33
161262937,jahirul,Ichihime and Triangle,GNU C++17,WRONG_ANSWER,2022-06-20 06:51:39
161262795,jahirul,Kana and Dragon Quest game,GNU C++17,OK,2022-06-20 06:45:10
161261667,jahirul,Add Odd or Subtract Even,GNU C++17,OK,2022-06-20 05:46:37
161261395,jahirul,Black Square,GNU C++17,OK,2022-06-20 05:31:20
161231995,jahirul,Move Brackets,GNU C++17,OK,2022-06-19 19:58:39
161230526,jahirul,"Multiply by 2, divide by 6",GNU C++17,OK,2022-06-19 19:39:28
161204433,jahirul,Palindromic Numbers ,GNU C++17,OK,2022-06-19 16:28:44
161178371,jahirul,Optimal Path,GNU C++17,OK,2022-06-19 15:24:51
161030104,jahirul,Amusing Joke,GNU C++17,OK,2022-06-18 16:27:41
161028079,jahirul,Circular Local MiniMax,GNU C++17,OK,2022-06-18 15:55:36
161016056,jahirul,Odd Subarrays,GNU C++17,OK,2022-06-18 12:45:56
161001861,jahirul,Unique Number,GNU C++17,OK,2022-06-18 06:19:06
161001780,jahirul,Unique Number,GNU C++17,WRONG_ANSWER,2022-06-18 06:15:22
161001443,jahirul,Unique Number,GNU C++17,WRONG_ANSWER,2022-06-18 05:56:07
160958702,jahirul,Rewards,GNU C++17,OK,2022-06-17 18:46:24
160925809,jahirul,Arrival of the General,GNU C++17,WRONG_ANSWER,2022-06-17 12:15:04
160925414,jahirul,Arrival of the General,GNU C++17,WRONG_ANSWER,2022-06-17 12:10:36
160925115,jahirul,Arrival of the General,GNU C++17,WRONG_ANSWER,2022-06-17 12:06:35
160918146,jahirul,Cormen --- The Best Friend Of a Man,GNU C++17,OK,2022-06-17 10:05:14
160916778,jahirul,Buy a Shovel,GNU C++17,OK,2022-06-17 09:33:51
160872286,jahirul,Creep,GNU C++17,OK,2022-06-16 22:02:53
160869032,jahirul,Creep,GNU C++17,RUNTIME_ERROR,2022-06-16 21:55:02
160868103,jahirul,Creep,GNU C++17,RUNTIME_ERROR,2022-06-16 21:52:48
160778221,jahirul,Most Similar Words,GNU C++17,OK,2022-06-16 09:49:15
160776784,jahirul,Equal Candies,GNU C++17,OK,2022-06-16 09:15:27
160754397,jahirul,Tokitsukaze and All Zero Sequence,GNU C++17,OK,2022-06-15 23:06:42
160686067,jahirul,All Distinct,GNU C++17,OK,2022-06-15 09:25:02
160604332,jahirul,All Distinct,GNU C++17,WRONG_ANSWER,2022-06-14 21:42:55
160597959,jahirul,All Distinct,GNU C++17,WRONG_ANSWER,2022-06-14 21:34:49
160529317,jahirul,Marathon,GNU C++17,OK,2022-06-14 20:38:10
160468992,jahirul,Anton and Letters,GNU C++17,OK,2022-06-14 05:51:57
160468652,jahirul,Anton and Letters,GNU C++17,OK,2022-06-14 05:34:57
160416961,jahirul,Between the Offices,GNU C++17,OK,2022-06-13 15:51:27
160385535,jahirul,Promo,GNU C++17,OK,2022-06-13 05:58:45
160385355,jahirul,Promo,GNU C++17,TIME_LIMIT_EXCEEDED,2022-06-13 05:49:44
160308950,jahirul,Promo,GNU C++17,TIME_LIMIT_EXCEEDED,2022-06-12 21:02:38
160301844,jahirul,Promo,GNU C++17,TIME_LIMIT_EXCEEDED,2022-06-12 20:54:02
160289131,jahirul,Parkway Walk,GNU C++17,OK,2022-06-12 20:42:49
160263495,jahirul,Wet Shark and Odd and Even,GNU C++17,OK,2022-06-12 16:59:25
160263442,jahirul,Wet Shark and Odd and Even,GNU C++17,OK,2022-06-12 16:58:51
160263291,jahirul,Wet Shark and Odd and Even,GNU C++17,WRONG_ANSWER,2022-06-12 16:56:52
160263231,jahirul,Wet Shark and Odd and Even,GNU C++17,WRONG_ANSWER,2022-06-12 16:56:05
160262978,jahirul,Wet Shark and Odd and Even,GNU C++17,WRONG_ANSWER,2022-06-12 16:52:27
160262872,jahirul,Wet Shark and Odd and Even,GNU C++17,WRONG_ANSWER,2022-06-12 16:50:58
160261801,jahirul,Wet Shark and Odd and Even,GNU C++17,WRONG_ANSWER,2022-06-12 16:35:54
160260718,jahirul,One-dimensional Japanese Crossword,GNU C++17,OK,2022-06-12 16:20:49
160254058,jahirul,Magic Stick,GNU C++17,OK,2022-06-12 14:49:40
160254012,jahirul,Magic Stick,GNU C++17,WRONG_ANSWER,2022-06-12 14:48:59
160253904,jahirul,Magic Stick,GNU C++17,WRONG_ANSWER,2022-06-12 14:47:39
160253021,jahirul,Magic Stick,GNU C++17,WRONG_ANSWER,2022-06-12 14:35:37
160234100,jahirul,Drazil and Date,GNU C++17,OK,2022-06-12 07:29:38
160234046,jahirul,Drazil and Date,GNU C++17,WRONG_ANSWER,2022-06-12 07:26:02
160233444,jahirul,Special Permutation,GNU C++17,WRONG_ANSWER,2022-06-12 06:52:16
160232085,jahirul,Distance,GNU C++17,OK,2022-06-12 05:52:41
160231924,jahirul,Distance,GNU C++17,WRONG_ANSWER,2022-06-12 05:41:36
160199717,jahirul,GCD Problem,GNU C++17,OK,2022-06-11 19:22:59
160196739,jahirul,GCD Problem,GNU C++17,WRONG_ANSWER,2022-06-11 18:38:06
160194840,jahirul,Key races,GNU C++17,OK,2022-06-11 18:09:45
160080083,jahirul,Ilya and Bank Account,GNU C++17,OK,2022-06-10 19:37:02
160076017,jahirul,Sorting Parts,GNU C++17,OK,2022-06-10 18:43:39
160042708,jahirul,Integer Sequence Dividing,GNU C++17,OK,2022-06-09 23:51:26
159976536,jahirul,Sorting Parts,GNU C++17,WRONG_ANSWER,2022-06-09 05:25:06
159937680,jahirul,Buying Torches,GNU C++17,OK,2022-06-08 18:42:34
159885630,jahirul,Black and White Stripe,GNU C++17,OK,2022-06-08 05:35:40
159885481,jahirul,Black and White Stripe,GNU C++17,WRONG_ANSWER,2022-06-08 05:27:37
159885211,jahirul,Black and White Stripe,GNU C++17,TIME_LIMIT_EXCEEDED,2022-06-08 05:15:44
159855506,jahirul,Black and White Stripe,GNU C++17,WRONG_ANSWER,2022-06-07 22:45:58
159835919,jahirul,Black and White Stripe,GNU C++17,WRONG_ANSWER,2022-06-07 22:16:40
159828735,jahirul,Black and White Stripe,GNU C++17,WRONG_ANSWER,2022-06-07 22:06:44
159811780,jahirul,Restoring the Duration of Tasks,GNU C++17,OK,2022-06-07 21:45:29
159798487,jahirul,Array Decrements,GNU C++17,OK,2022-06-07 21:31:11
159780117,jahirul,Array Decrements,GNU C++17,WRONG_ANSWER,2022-06-07 21:15:07
159757524,jahirul,Print a Pedestal (Codeforces logo?),GNU C++17,OK,2022-06-07 20:58:47
159674723,jahirul,Insomnia cure,GNU C++17,OK,2022-06-07 06:23:47
159674612,jahirul,Insomnia cure,GNU C++17,OK,2022-06-07 06:18:26
159588579,jahirul,Fox And Snake,GNU C++17,OK,2022-06-06 06:13:57
159588516,jahirul,Fox And Snake,GNU C++17,WRONG_ANSWER,2022-06-06 06:10:39
159588445,jahirul,Fox And Snake,GNU C++17,WRONG_ANSWER,2022-06-06 06:07:51
159560084,jahirul,DIV + MOD,GNU C++17,OK,2022-06-05 20:27:19
159559917,jahirul,DIV + MOD,GNU C++17,WRONG_ANSWER,2022-06-05 20:24:58
159550137,jahirul,DIV + MOD,GNU C++17,TIME_LIMIT_EXCEEDED,2022-06-05 18:13:51
159547296,jahirul,DIV + MOD,GNU C++17,WRONG_ANSWER,2022-06-05 17:39:33
159514688,jahirul,Combination Lock,GNU C++17,OK,2022-06-05 10:02:24
159505829,jahirul,Polycarp and Coins,GNU C++17,OK,2022-06-05 05:12:22
159481286,jahirul,Sereja and Dima,GNU C++17,OK,2022-06-04 18:55:01
159481193,jahirul,Sereja and Dima,GNU C++17,WRONG_ANSWER,2022-06-04 18:53:52
159452671,jahirul,Who's Opposite?,GNU C++17,OK,2022-06-04 13:12:14
159449920,jahirul,Dislike of Threes,GNU C++17,OK,2022-06-04 12:09:20
159447682,jahirul,Patchouli's Magical Talisman,GNU C++17,OK,2022-06-04 11:10:25
159438276,jahirul,Cirno's Perfect Bitmasks Classroom,GNU C++17,OK,2022-06-04 05:34:44
159412180,jahirul,Patchouli's Magical Talisman,GNU C++17,WRONG_ANSWER,2022-06-03 22:33:40
159392575,jahirul,Cirno's Perfect Bitmasks Classroom,GNU C++17,OK,2022-06-03 21:38:19
159314659,jahirul,Make It Increasing,GNU C++17,OK,2022-06-03 12:37:45
159314440,jahirul,Make It Increasing,GNU C++17,TIME_LIMIT_EXCEEDED,2022-06-03 12:34:38
159310162,jahirul,Food for Animals,GNU C++17,OK,2022-06-03 11:33:31
159304104,jahirul,Elections,GNU C++17,OK,2022-06-03 09:29:25
159299144,jahirul,Reconnaissance 2,GNU C++17,OK,2022-06-03 06:45:05
159298726,jahirul,Reconnaissance 2,GNU C++17,WRONG_ANSWER,2022-06-03 06:24:10
159298290,jahirul,Reconnaissance 2,GNU C++17,WRONG_ANSWER,2022-06-03 05:59:44
159297453,jahirul,Sale,GNU C++17,OK,2022-06-03 05:19:43
159268623,jahirul,Odd Selection,GNU C++17,OK,2022-06-02 21:47:06
159268162,jahirul,Odd Selection,GNU C++17,WRONG_ANSWER,2022-06-02 21:42:28
159266695,jahirul,Odd Selection,GNU C++17,WRONG_ANSWER,2022-06-02 21:28:26
159263291,jahirul,Remove Duplicates,GNU C++17,OK,2022-06-02 20:52:45
159259069,jahirul,File Name,GNU C++17,OK,2022-06-02 20:08:53
159249030,jahirul,Stone Age Problem,GNU C++17,OK,2022-06-02 18:14:46
159241675,jahirul,Stone Age Problem,GNU C++17,TIME_LIMIT_EXCEEDED,2022-06-02 17:01:00
159240376,jahirul,Stone Age Problem,GNU C++17,TIME_LIMIT_EXCEEDED,2022-06-02 16:46:49
159234837,jahirul,AvtoBus,GNU C++17,OK,2022-06-02 15:39:39
159216252,jahirul,String LCM,GNU C++17,OK,2022-06-02 11:41:14
159203428,jahirul,Replacing Elements,GNU C++17,OK,2022-06-02 05:33:29
159187448,jahirul,Plus One on the Subset,GNU C++17,OK,2022-06-01 23:44:39
159186328,jahirul,Make AP,GNU C++17,OK,2022-06-01 23:31:22
159151324,jahirul,Superhero Transformation,GNU C++17,OK,2022-06-01 16:44:33
159141828,jahirul,Picky Eater,GNU C++17,OK,2022-06-01 15:01:27
159141757,jahirul,Picky Eater,GNU C++17,WRONG_ANSWER,2022-06-01 15:00:36
159140837,jahirul,Primes,GNU C++17,OK,2022-06-01 14:50:36
159140620,jahirul,Primes,GNU C++17,WRONG_ANSWER,2022-06-01 14:48:27
159113864,jahirul,Digits Sum,GNU C++17,OK,2022-06-01 08:33:58
159073302,jahirul,Shoe Shuffling,GNU C++17,WRONG_ANSWER,2022-05-31 22:26:27
159053337,jahirul,Shoe Shuffling,GNU C++17,WRONG_ANSWER,2022-05-31 21:51:24
159030480,jahirul,Shoe Shuffling,GNU C++17,WRONG_ANSWER,2022-05-31 21:17:43
159023895,jahirul,Shoe Shuffling,GNU C++17,WRONG_ANSWER,2022-05-31 21:09:35
159007532,jahirul,Beat The Odds,GNU C++17,OK,2022-05-31 20:52:19
159003411,jahirul,Beat The Odds,GNU C++17,WRONG_ANSWER,2022-05-31 20:48:48
158855750,jahirul,Everything Everywhere All But One,GNU C++17,OK,2022-05-30 14:30:29
158439123,jahirul,Everything Everywhere All But One,GNU C++17,WRONG_ANSWER,2022-05-26 00:13:29
157714204,jahirul,Z mod X = C,GNU C++17,OK,2022-05-19 21:53:32
157700951,jahirul,Digit Minimization,GNU C++17,OK,2022-05-19 21:20:14
157181473,jahirul,AvtoBus,GNU C++17,WRONG_ANSWER,2022-05-14 16:46:36
157177306,jahirul,AvtoBus,GNU C++17,WRONG_ANSWER,2022-05-14 16:37:12
157176243,jahirul,AvtoBus,GNU C++17,WRONG_ANSWER,2022-05-14 16:34:54
157174073,jahirul,AvtoBus,GNU C++17,WRONG_ANSWER,2022-05-14 16:30:29
156975534,jahirul,Lucky?,GNU C++17,OK,2022-05-13 11:31:07
155283832,jahirul,Candies and Two Sisters,GNU C++17,OK,2022-04-29 17:38:13
154653727,jahirul,String Building,GNU C++17,OK,2022-04-23 18:03:53
154464913,jahirul,Two Arrays And Swaps,GNU C++17,OK,2022-04-22 11:58:21
154169825,jahirul,Direction Change,GNU C++17,OK,2022-04-20 12:07:46
154134048,jahirul,Min Max Swap,GNU C++17,OK,2022-04-20 00:02:12
153992569,jahirul,Cubes Sorting,GNU C++17,OK,2022-04-18 18:00:08
153858902,jahirul,Ordinary Numbers,GNU C++17,OK,2022-04-17 12:55:39
153858260,jahirul,Ordinary Numbers,GNU C++17,WRONG_ANSWER,2022-04-17 12:47:04
153857532,jahirul,Ordinary Numbers,GNU C++17,COMPILATION_ERROR,2022-04-17 12:35:24
153857476,jahirul,Ordinary Numbers,GNU C++17,WRONG_ANSWER,2022-04-17 12:34:45
153857228,jahirul,Ordinary Numbers,GNU C++17,WRONG_ANSWER,2022-04-17 12:31:07
153856999,jahirul,Ordinary Numbers,GNU C++17,WRONG_ANSWER,2022-04-17 12:27:49
153856711,jahirul,Ordinary Numbers,GNU C++17,WRONG_ANSWER,2022-04-17 12:23:51
153854436,jahirul,Do Not Be Distracted!,GNU C++17,OK,2022-04-17 11:47:57
153796779,jahirul,DIV + MOD,GNU C++17,WRONG_ANSWER,2022-04-16 16:07:13
153792981,jahirul,Deletions of Two Adjacent Letters,GNU C++17,OK,2022-04-16 15:21:19
153748429,jahirul,Juicer,GNU C++17,OK,2022-04-16 00:17:42
153747284,jahirul,Juicer,GNU C++17,WRONG_ANSWER,2022-04-16 00:00:06
153717596,jahirul,Roma and Changing Signs,GNU C++17,OK,2022-04-15 17:50:46
153717057,jahirul,Roma and Changing Signs,GNU C++17,WRONG_ANSWER,2022-04-15 17:43:35
153716458,jahirul,Roma and Changing Signs,GNU C++17,WRONG_ANSWER,2022-04-15 17:35:55
153716197,jahirul,Roma and Changing Signs,GNU C++17,WRONG_ANSWER,2022-04-15 17:32:02
153713323,jahirul,Roma and Changing Signs,GNU C++17,WRONG_ANSWER,2022-04-15 16:51:26
153710827,jahirul,Roma and Changing Signs,GNU C++17,WRONG_ANSWER,2022-04-15 16:17:44
153709171,jahirul,Roma and Lucky Numbers,GNU C++17,OK,2022-04-15 15:52:54
153676330,jahirul,Doors and Keys,GNU C++17,OK,2022-04-15 03:24:15
153673732,jahirul,Madoka and Math Dad,GNU C++17,OK,2022-04-15 02:28:25
153672254,jahirul,Madoka and Math Dad,GNU C++17,WRONG_ANSWER,2022-04-15 01:58:19
153669541,jahirul,Good Pairs,GNU C++17,OK,2022-04-15 01:02:38
153666241,jahirul,Prefix Removals,GNU C++17,OK,2022-04-15 00:04:43
153627871,jahirul,Maximum Cake Tastiness,GNU C++17,OK,2022-04-14 16:09:36
153527405,jahirul,XY Sequence,GNU C++17,OK,2022-04-13 13:05:49
153515985,jahirul,Playoff,GNU C++17,OK,2022-04-13 11:25:33
153485939,jahirul,Integer Moves,GNU C++17,OK,2022-04-12 23:55:09
153352537,jahirul,Pōja Verdon,GNU C++17,OK,2022-04-11 12:11:10
153352278,jahirul,Who Tested?,GNU C++17,OK,2022-04-11 12:07:24
153284571,jahirul,Marin and Photoshoot,GNU C++17,OK,2022-04-10 16:02:40
153268446,jahirul,Array Cloning Technique,GNU C++17,OK,2022-04-10 12:59:53
153230302,jahirul,Array Balancing,GNU C++17,OK,2022-04-10 00:19:35
153230205,jahirul,Array Balancing,GNU C++17,WRONG_ANSWER,2022-04-10 00:18:23
153230070,jahirul,Array Balancing,GNU C++17,WRONG_ANSWER,2022-04-10 00:16:49
153144864,jahirul,GCD vs LCM,GNU C++17,OK,2022-04-09 17:52:15
153114763,jahirul,Get an Even String,GNU C++17,WRONG_ANSWER,2022-04-09 11:43:48
152985055,jahirul,Vlad and Candies,GNU C++17,OK,2022-04-08 12:26:15
152980064,jahirul,Vasya and Coins,GNU C++17,OK,2022-04-08 11:02:58
124100435,jahirul,Nastya and Rice,GNU C++17,OK,2021-07-29 14:44:27
123993832,jahirul,Cards,GNU C++17,OK,2021-07-28 11:30:24
123398136,jahirul,QAQ,GNU C++17,OK,2021-07-23 12:21:20
123380289,jahirul,Motarack's Birthday,GNU C++17,WRONG_ANSWER,2021-07-23 08:23:15
123263028,jahirul,Three Strings,GNU C++17,OK,2021-07-22 15:56:26
123115629,jahirul,Buy the String,GNU C++17,OK,2021-07-20 21:06:20
122635143,jahirul,Make a triangle!,GNU C++17,OK,2021-07-16 09:27:38
122582482,jahirul,Customising the Track,GNU C++17,OK,2021-07-15 18:03:28
122582338,jahirul,Customising the Track,GNU C++17,WRONG_ANSWER,2021-07-15 18:01:45
122581930,jahirul,Customising the Track,GNU C++17,WRONG_ANSWER,2021-07-15 17:56:53
122545938,jahirul,Exciting Bets,GNU C++17,OK,2021-07-15 10:28:26
122545495,jahirul,Exciting Bets,GNU C++17,WRONG_ANSWER,2021-07-15 10:20:00
121874748,jahirul,New Year Garland,GNU C++17,OK,2021-07-10 12:17:01
120874993,jahirul,Number of Apartments,GNU C++17,OK,2021-06-29 18:39:56
120874892,jahirul,Number of Apartments,GNU C++17,WRONG_ANSWER,2021-06-29 18:38:25
120557065,jahirul,Pretty Permutations,GNU C++17,WRONG_ANSWER,2021-06-25 21:55:51
120553720,jahirul,Pretty Permutations,GNU C++17,WRONG_ANSWER,2021-06-25 21:51:43
120540107,jahirul,Pretty Permutations,GNU C++17,WRONG_ANSWER,2021-06-25 21:40:51
120518136,jahirul,Fence,GNU C++17,OK,2021-06-25 17:42:44
120517446,jahirul,Fence,GNU C++17,WRONG_ANSWER,2021-06-25 17:33:33
120435883,jahirul,Robot Program,GNU C++17,OK,2021-06-24 16:47:22
118407855,jahirul,Fair Playoff,GNU C++17,OK,2021-06-04 21:16:01
117906660,jahirul,Game of Life,GNU C++17,TIME_LIMIT_EXCEEDED,2021-05-30 22:02:56
117871339,jahirul,Potions (Hard Version),GNU C++17,OK,2021-05-30 19:46:34
117871291,jahirul,Potions (Easy Version),GNU C++17,OK,2021-05-30 19:45:50
117871217,jahirul,Potions (Easy Version),GNU C++17,WRONG_ANSWER,2021-05-30 19:44:25
117824625,jahirul,I Hate 1111,GNU C++17,OK,2021-05-30 08:32:28
117823991,jahirul,I Hate 1111,GNU C++17,WRONG_ANSWER,2021-05-30 08:16:13
117822464,jahirul,Mean Inequality,GNU C++17,OK,2021-05-30 07:27:45
117820566,jahirul,Mean Inequality,GNU C++17,WRONG_ANSWER,2021-05-30 06:05:26
117574667,jahirul,Palindrome Game (easy version),GNU C++17,OK,2021-05-28 16:17:54
117574560,jahirul,Palindrome Game (easy version),GNU C++17,WRONG_ANSWER,2021-05-28 16:16:42
117503193,jahirul,And Then There Were K,GNU C++17,OK,2021-05-27 20:05:39
117503021,jahirul,And Then There Were K,GNU C++17,WRONG_ANSWER,2021-05-27 20:03:49
117426074,jahirul,Eshag Loves Big Arrays,GNU C++17,OK,2021-05-26 22:00:54
116080806,jahirul,Patrick and Shopping,GNU C++17,OK,2021-05-13 13:13:26
116080612,jahirul,Patrick and Shopping,GNU C++17,WRONG_ANSWER,2021-05-13 13:10:38
116075918,jahirul,CME,GNU C++17,OK,2021-05-13 11:59:03
116075724,jahirul,CME,GNU C++17,WRONG_ANSWER,2021-05-13 11:55:58
115964185,jahirul,Grade Allocation,GNU C++17,OK,2021-05-11 22:36:55
115880349,jahirul,Perfect Permutation,GNU C++17,OK,2021-05-10 21:58:56
115761052,jahirul,I'm bored with life,GNU C++17,OK,2021-05-09 12:46:53
115625985,jahirul,Yet Another Dividing into Teams,GNU C++17,OK,2021-05-08 00:10:45
115624821,jahirul,Yet Another Dividing into Teams,GNU C++17,OK,2021-05-08 00:01:02
115624563,jahirul,Yet Another Dividing into Teams,GNU C++17,WRONG_ANSWER,2021-05-07 23:58:59
115624395,jahirul,Yet Another Dividing into Teams,GNU C++17,WRONG_ANSWER,2021-05-07 23:57:33
115397152,jahirul,Chips Moving,GNU C++17,OK,2021-05-06 15:23:39
115395900,jahirul,Chips Moving,GNU C++17,WRONG_ANSWER,2021-05-06 14:59:35
115394316,jahirul,Arena,GNU C++17,OK,2021-05-06 14:25:22
115390446,jahirul,Arena,GNU C++17,WRONG_ANSWER,2021-05-06 13:15:49
115384097,jahirul,Jumps,GNU C++17,WRONG_ANSWER,2021-05-06 12:04:11
115377156,jahirul,Strange Functions,GNU C++17,OK,2021-05-06 10:46:39
115170490,jahirul,Array Stabilization,GNU C++17,OK,2021-05-05 11:38:53
115168594,jahirul,Array Stabilization,GNU C++17,WRONG_ANSWER,2021-05-05 11:15:17
115166851,jahirul,Repeating Cipher,GNU C++17,OK,2021-05-05 10:49:39
115151475,jahirul,Divide it!,GNU C++17,OK,2021-05-05 03:28:32
115151380,jahirul,Divide it!,GNU C++17,WRONG_ANSWER,2021-05-05 03:25:36
115107096,jahirul,Even Array,GNU C++17,OK,2021-05-04 14:54:54
115105755,jahirul,Even Array,GNU C++17,WRONG_ANSWER,2021-05-04 14:40:57
115086873,jahirul,01 Game,GNU C++17,OK,2021-05-04 10:59:12
115018596,jahirul,Phoenix and Puzzle,GNU C++17,OK,2021-05-03 15:44:12
115018150,jahirul,Phoenix and Puzzle,GNU C++17,WRONG_ANSWER,2021-05-03 15:39:29
115017963,jahirul,Phoenix and Puzzle,GNU C++17,WRONG_ANSWER,2021-05-03 15:37:08
115017301,jahirul,Phoenix and Puzzle,GNU C++17,WRONG_ANSWER,2021-05-03 15:29:42
114963467,jahirul,Phoenix and Puzzle,GNU C++17,WRONG_ANSWER,2021-05-03 01:13:54
114963261,jahirul,Phoenix and Puzzle,GNU C++17,WRONG_ANSWER,2021-05-03 01:11:48
114960984,jahirul,Phoenix and Gold,GNU C++17,OK,2021-05-03 00:51:20
114956690,jahirul,Phoenix and Gold,GNU C++17,WRONG_ANSWER,2021-05-02 23:30:23
114951951,jahirul,Phoenix and Gold,GNU C++17,WRONG_ANSWER,2021-05-02 23:11:00
114948671,jahirul,Phoenix and Gold,GNU C++17,WRONG_ANSWER,2021-05-02 22:57:27
114862665,jahirul,Puzzles,GNU C++17,OK,2021-05-02 19:59:41
114862384,jahirul,Puzzles,GNU C++17,WRONG_ANSWER,2021-05-02 19:55:17
114809704,jahirul,Balanced Array,GNU C++17,OK,2021-05-02 04:17:52
114806564,jahirul,Candies,GNU C++17,OK,2021-05-02 02:52:30
114801782,jahirul,I Wanna Be the Guy,GNU C++17,OK,2021-05-02 01:21:42
114801218,jahirul,I Wanna Be the Guy,GNU C++17,WRONG_ANSWER,2021-05-02 01:10:59
114801185,jahirul,I Wanna Be the Guy,GNU C++17,WRONG_ANSWER,2021-05-02 01:10:18
114799976,jahirul,Gravity Flip,GNU C++17,OK,2021-05-02 00:48:55
114798197,jahirul,Magnets,GNU C++17,OK,2021-05-02 00:19:41
114796555,jahirul,Presents,GNU C++17,OK,2021-05-01 23:50:53
114778357,jahirul,cAPS lOCK,GNU C++17,OK,2021-05-01 19:41:34
114711438,jahirul,New Year Candles,GNU C++17,OK,2021-05-01 00:23:23
114709335,jahirul,Sum of Round Numbers,GNU C++17,OK,2021-04-30 23:46:48
114691009,jahirul,Football,GNU C++17,OK,2021-04-30 19:23:57
114640237,jahirul,Vasya and Socks,GNU C++17,OK,2021-04-30 05:28:26
114639364,jahirul,Vasya and Socks,GNU C++17,WRONG_ANSWER,2021-04-30 05:01:45
114639150,jahirul,Vasya and Socks,GNU C++17,WRONG_ANSWER,2021-04-30 04:54:36
114629621,jahirul,The Cake Is a Lie,GNU C++17,OK,2021-04-30 01:28:34
114628959,jahirul,The Cake Is a Lie,GNU C++17,WRONG_ANSWER,2021-04-30 01:18:09
114620069,jahirul,Red and Blue Beans,GNU C++17,OK,2021-04-29 23:24:14
114619328,jahirul,Red and Blue Beans,GNU C++17,WRONG_ANSWER,2021-04-29 23:16:39
114617820,jahirul,Red and Blue Beans,GNU C++17,WRONG_ANSWER,2021-04-29 23:02:39
114616874,jahirul,Red and Blue Beans,GNU C++17,WRONG_ANSWER,2021-04-29 22:55:05
114616480,jahirul,Red and Blue Beans,GNU C++17,WRONG_ANSWER,2021-04-29 22:52:21
114540050,jahirul,Two Rival Students,GNU C++17,OK,2021-04-29 20:15:00
114539682,jahirul,Two Rival Students,GNU C++17,WRONG_ANSWER,2021-04-29 20:09:44
114539413,jahirul,Two Rival Students,GNU C++17,WRONG_ANSWER,2021-04-29 20:06:42
114517644,jahirul,Equalize Prices Again,GNU C++17,OK,2021-04-29 15:22:41
114503815,jahirul,Subtract or Divide,GNU C++17,OK,2021-04-29 12:06:33
114502793,jahirul,Case of the Zeros and Ones,GNU C++17,OK,2021-04-29 11:50:28
114501853,jahirul,Case of the Zeros and Ones,GNU C++17,OK,2021-04-29 11:32:49
114499887,jahirul,The number of positions,GNU C++17,OK,2021-04-29 10:52:02
114477575,jahirul,Fair Division,GNU C++17,OK,2021-04-29 00:40:48
114470735,jahirul,Cards for Friends,GNU C++17,OK,2021-04-28 23:00:12
114470629,jahirul,Cards for Friends,GNU C++17,WRONG_ANSWER,2021-04-28 22:58:54
114470514,jahirul,Cards for Friends,GNU C++17,OK,2021-04-28 22:57:25
114470182,jahirul,Cards for Friends,GNU C++17,WRONG_ANSWER,2021-04-28 22:52:55
114469887,jahirul,Cards for Friends,GNU C++17,WRONG_ANSWER,2021-04-28 22:48:34
114468037,jahirul,Cards for Friends,GNU C++17,WRONG_ANSWER,2021-04-28 22:24:28
114430821,jahirul,Yet Another Bookshelf,GNU C++17,OK,2021-04-28 14:57:03
114413497,jahirul,Boring Apartments,GNU C++17,OK,2021-04-28 10:11:36
114412293,jahirul,Sum of Odd Integers,GNU C++17,OK,2021-04-28 09:42:27
114411904,jahirul,Sum of Odd Integers,GNU C++17,OK,2021-04-28 09:33:32
114411380,jahirul,Sum of Odd Integers,GNU C++17,WRONG_ANSWER,2021-04-28 09:21:03
114402736,jahirul,Bachgold Problem,GNU C++17,OK,2021-04-28 04:23:08
114402708,jahirul,Bachgold Problem,GNU C++17,WRONG_ANSWER,2021-04-28 04:22:17
114399088,jahirul,New Year's Number,GNU C++17,OK,2021-04-28 02:49:21
114393082,jahirul,New Year's Number,GNU C++17,WRONG_ANSWER,2021-04-28 00:57:46
114384192,jahirul,Odd Divisor,GNU C++17,OK,2021-04-27 22:46:19
114360652,jahirul,Maximum GCD,GNU C++17,OK,2021-04-27 18:33:07
114360452,jahirul,Maximum GCD,GNU C++17,WRONG_ANSWER,2021-04-27 18:30:35
114345272,jahirul,Arena of Greed,GNU C++17,WRONG_ANSWER,2021-04-27 15:21:55
114340613,jahirul,Arena of Greed,GNU C++17,WRONG_ANSWER,2021-04-27 14:08:31
114340498,jahirul,Arena of Greed,GNU C++17,WRONG_ANSWER,2021-04-27 14:06:42
114334798,jahirul,Arena of Greed,GNU C++17,WRONG_ANSWER,2021-04-27 12:32:39
114333208,jahirul,Collecting Coins,GNU C++17,OK,2021-04-27 12:04:35
114332810,jahirul,Collecting Coins,GNU C++17,WRONG_ANSWER,2021-04-27 11:57:11
114306384,jahirul,Tit for Tat,GNU C++17,OK,2021-04-27 00:32:15
114304809,jahirul,Tit for Tat,GNU C++17,WRONG_ANSWER,2021-04-27 00:08:05
114304602,jahirul,Tit for Tat,GNU C++17,WRONG_ANSWER,2021-04-27 00:04:20
114261406,jahirul,Two distinct points,GNU C++17,OK,2021-04-26 14:26:33
114253365,jahirul,Divisors of Two Integers,GNU C++17,OK,2021-04-26 12:19:41
114253037,jahirul,Divisors of Two Integers,GNU C++17,WRONG_ANSWER,2021-04-26 12:13:25
114226873,jahirul,Average Height,GNU C++17,OK,2021-04-26 00:27:14
114199955,jahirul,Review Site,GNU C++17,OK,2021-04-25 18:13:46
114138477,jahirul,Sum of 2050,GNU C++17,OK,2021-04-24 23:40:46
114138174,jahirul,Sum of 2050,GNU C++17,WRONG_ANSWER,2021-04-24 23:36:37
113958613,jahirul,Even Subset Sum Problem,GNU C++17,OK,2021-04-23 15:12:29
113958237,jahirul,Even Subset Sum Problem,GNU C++17,WRONG_ANSWER,2021-04-23 15:07:19
113957883,jahirul,Even Subset Sum Problem,GNU C++17,WRONG_ANSWER,2021-04-23 15:02:57
113957666,jahirul,Even Subset Sum Problem,GNU C++17,WRONG_ANSWER,2021-04-23 14:59:56
113957320,jahirul,Even Subset Sum Problem,GNU C++17,WRONG_ANSWER,2021-04-23 14:55:03
113890574,jahirul,Tavas and SaDDas,GNU C++17,OK,2021-04-22 19:42:13
112755035,jahirul,Spy Detected!,GNU C++17,OK,2021-04-12 13:07:54
100194770,jahirul,Collecting Coins,GNU C++17,WRONG_ANSWER,2020-12-02 19:44:39
100191534,jahirul,Collecting Coins,GNU C++17,WRONG_ANSWER,2020-12-02 19:11:58
97376064,jahirul,Drinks,GNU C++17,OK,2020-11-01 23:30:48
97376018,jahirul,Drinks,GNU C11,WRONG_ANSWER,2020-11-01 23:30:15
97375953,jahirul,Drinks,GNU C++11,OK,2020-11-01 23:29:04
97375822,jahirul,Drinks,GNU C11,WRONG_ANSWER,2020-11-01 23:27:05
97375623,jahirul,Drinks,GNU C11,WRONG_ANSWER,2020-11-01 23:23:48
97375290,jahirul,Drinks,GNU C11,WRONG_ANSWER,2020-11-01 23:17:49
97375150,jahirul,Drinks,GNU C11,WRONG_ANSWER,2020-11-01 23:15:26
97375049,jahirul,Drinks,GNU C11,WRONG_ANSWER,2020-11-01 23:13:30
97374877,jahirul,Drinks,GNU C11,WRONG_ANSWER,2020-11-01 23:10:26
97373213,jahirul,Drinks,GNU C11,WRONG_ANSWER,2020-11-01 22:43:51
97289020,jahirul,Petya and Strings,GNU C11,OK,2020-11-01 13:31:09
97288015,jahirul,Petya and Strings,GNU C11,WRONG_ANSWER,2020-11-01 13:16:50
95497149,jahirul,Teams Forming,GNU C++14,OK,2020-10-14 17:00:12
95494318,jahirul,Teams Forming,GNU C++14,WRONG_ANSWER,2020-10-14 16:19:09
94202457,jahirul,Symmetric Matrix,GNU C++14,OK,2020-09-29 17:14:09
94201576,jahirul,Symmetric Matrix,GNU C++14,WRONG_ANSWER,2020-09-29 17:03:19
94104623,jahirul,Symmetric Matrix,GNU C++14,WRONG_ANSWER,2020-09-28 15:45:11
94081532,jahirul,Floor Number,GNU C++14,OK,2020-09-28 14:39:21
94080528,jahirul,Floor Number,GNU C++14,WRONG_ANSWER,2020-09-28 14:37:19
94079714,jahirul,Floor Number,GNU C++14,WRONG_ANSWER,2020-09-28 14:35:33
93929179,jahirul,Arena of Greed,GNU C++14,RUNTIME_ERROR,2020-09-27 12:54:07
93928645,jahirul,Arena of Greed,GNU C++14,RUNTIME_ERROR,2020-09-27 12:47:52
93868022,jahirul,Payment Without Change,GNU C++14,OK,2020-09-26 17:27:00
93867719,jahirul,Payment Without Change,GNU C++14,WRONG_ANSWER,2020-09-26 17:23:37
93854321,jahirul,Payment Without Change,GNU C++14,WRONG_ANSWER,2020-09-26 14:39:10
93841522,jahirul,Payment Without Change,GNU C++14,TIME_LIMIT_EXCEEDED,2020-09-26 12:16:13
93841358,jahirul,Payment Without Change,GNU C++14,WRONG_ANSWER,2020-09-26 12:14:19
93840962,jahirul,Payment Without Change,GNU C++14,WRONG_ANSWER,2020-09-26 12:09:41
93575637,jahirul,Heist,GNU C++14,OK,2020-09-23 21:23:35
93431537,jahirul,Orac and Factors,GNU C++14,OK,2020-09-22 00:14:09
93429988,jahirul,Orac and Factors,GNU C++14,WRONG_ANSWER,2020-09-21 23:46:19
93374939,jahirul,Frog Jumping,GNU C++14,OK,2020-09-21 09:51:39
92832688,jahirul,Buying Torches,GNU C++14,WRONG_ANSWER,2020-09-14 22:04:26
92710998,jahirul,Juggling Letters,GNU C++14,OK,2020-09-13 17:53:07
91833917,jahirul,Yet Another Two Integers Problem,GNU C++14,OK,2020-09-04 21:12:09
91790549,jahirul,Short Substrings,GNU C++14,OK,2020-09-04 18:05:48
91477622,jahirul,Dubstep,GNU C++14,OK,2020-08-31 15:34:11
91476313,jahirul,Dubstep,GNU C++14,WRONG_ANSWER,2020-08-31 15:15:10
91469732,jahirul,Dubstep,GNU C++14,OK,2020-08-31 13:46:46
91344814,jahirul,Dragons,GNU C++14,OK,2020-08-30 19:14:42
91326111,jahirul,New Year and Hurry,GNU C++14,OK,2020-08-30 13:03:52
91323078,jahirul,I_love_\%username\%,GNU C++14,OK,2020-08-30 11:32:07
91292426,jahirul,Queue at the School,GNU C++14,OK,2020-08-29 20:40:03
91201386,jahirul,Twins,GNU C++14,OK,2020-08-28 17:01:03
91200866,jahirul,Twins,GNU C++14,WRONG_ANSWER,2020-08-28 16:53:00
91181468,jahirul,Beautiful Year,GNU C++14,OK,2020-08-28 11:33:34
91147530,jahirul,String Similarity,GNU C++14,OK,2020-08-27 21:39:46
90461649,jahirul,Choose Two Numbers,GNU C++14,OK,2020-08-20 18:26:05
90449753,jahirul,Phoenix and Balance,GNU C++14,OK,2020-08-20 15:23:23
90442709,jahirul,Choosing Teams,GNU C++14,OK,2020-08-20 13:38:57
90417351,jahirul,Restoring Three Numbers,GNU C++14,OK,2020-08-20 01:35:14
90415288,jahirul,Erasing Zeroes,GNU C++14,OK,2020-08-20 00:50:19
90288576,jahirul,The number of positions,GNU C++14,WRONG_ANSWER,2020-08-18 14:05:00
90283667,jahirul,Omkar and Waterslide,GNU C++14,OK,2020-08-18 12:55:12
90283533,jahirul,Omkar and Waterslide,GNU C++14,WRONG_ANSWER,2020-08-18 12:53:16
90281103,jahirul,Sum of Digits,GNU C++14,OK,2020-08-18 12:15:53
90133701,jahirul,Omkar and Infinity Clock,GNU C++14,OK,2020-08-16 21:41:40
90130664,jahirul,Omkar and Infinity Clock,GNU C++14,WRONG_ANSWER,2020-08-16 21:35:08
90128925,jahirul,Omkar and Infinity Clock,GNU C++14,TIME_LIMIT_EXCEEDED,2020-08-16 21:31:39
90110717,jahirul,Omkar and Password,GNU C++14,OK,2020-08-16 21:01:42
90081320,jahirul,Similar Pairs,GNU C++14,OK,2020-08-16 18:26:52
90075943,jahirul,Similar Pairs,GNU C++14,WRONG_ANSWER,2020-08-16 16:53:51
90075565,jahirul,Similar Pairs,GNU C++14,WRONG_ANSWER,2020-08-16 16:46:48
90074830,jahirul,Similar Pairs,GNU C++14,WRONG_ANSWER,2020-08-16 16:32:53
90057267,jahirul,Minimal Square,GNU C++14,OK,2020-08-16 11:00:51
90055491,jahirul,Honest Coach,GNU C++14,OK,2020-08-16 10:07:38
90034856,jahirul,Boboniu Plays Chess,GNU C++14,WRONG_ANSWER,2020-08-15 22:37:15
89987714,jahirul,Substring Removal Game,GNU C++14,OK,2020-08-15 11:23:54
89919508,jahirul,Bad Triangle,GNU C++14,OK,2020-08-14 21:17:23
89866819,jahirul,Required Remainder,GNU C++14,OK,2020-08-14 17:40:52
89844678,jahirul,Required Remainder,GNU C++14,OK,2020-08-14 11:55:12
89843739,jahirul,Required Remainder,GNU C++14,WRONG_ANSWER,2020-08-14 11:37:43
89843483,jahirul,Required Remainder,GNU C++14,WRONG_ANSWER,2020-08-14 11:32:48
89842989,jahirul,Required Remainder,GNU C++14,WRONG_ANSWER,2020-08-14 11:23:23
89788643,jahirul,Boboniu Plays Chess,GNU C++14,OK,2020-08-13 17:30:11
89788589,jahirul,Boboniu Plays Chess,GNU C++14,WRONG_ANSWER,2020-08-13 17:29:25
89788173,jahirul,Boboniu Plays Chess,GNU C++14,WRONG_ANSWER,2020-08-13 17:23:23
89787112,jahirul,Boboniu Plays Chess,GNU C++14,WRONG_ANSWER,2020-08-13 17:08:28
89785983,jahirul,Boboniu Plays Chess,GNU C++14,WRONG_ANSWER,2020-08-13 16:52:54
89758999,jahirul,Boboniu Likes to Color Balls,GNU C++14,OK,2020-08-13 10:25:43
89758552,jahirul,Boboniu Likes to Color Balls,GNU C++14,OK,2020-08-13 10:16:00
89758458,jahirul,Boboniu Likes to Color Balls,GNU C++14,WRONG_ANSWER,2020-08-13 10:13:36
89756035,jahirul,Boboniu Likes to Color Balls,GNU C++14,WRONG_ANSWER,2020-08-13 09:24:11
89715031,jahirul,Boboniu Likes to Color Balls,GNU C++14,TIME_LIMIT_EXCEEDED,2020-08-12 22:05:40
89704699,jahirul,Boboniu Likes to Color Balls,GNU C++14,WRONG_ANSWER,2020-08-12 21:40:53
89691794,jahirul,Boboniu Likes to Color Balls,GNU C++14,WRONG_ANSWER,2020-08-12 21:17:43
89659215,jahirul,Restore the Permutation by Merger,GNU C++14,OK,2020-08-12 20:35:09
89640126,jahirul,Three Pairwise Maximums,GNU C++14,OK,2020-08-12 15:55:22
89590862,jahirul,Captain Flint and Crew Recruitment,GNU C++14,OK,2020-08-11 21:34:39
89588352,jahirul,Captain Flint and Crew Recruitment,GNU C++14,WRONG_ANSWER,2020-08-11 21:02:12
89584769,jahirul,Captain Flint and Crew Recruitment,GNU C++14,WRONG_ANSWER,2020-08-11 20:19:28
89584579,jahirul,Captain Flint and Crew Recruitment,GNU C++14,WRONG_ANSWER,2020-08-11 20:17:23
89574745,jahirul,Captain Flint and Crew Recruitment,GNU C++14,WRONG_ANSWER,2020-08-11 18:01:55
89508535,jahirul,Fix You,GNU C++14,OK,2020-08-10 18:23:31
89499105,jahirul,Suborrays,GNU C++14,OK,2020-08-10 15:58:19
89371911,jahirul,Boats Competition,GNU C++14,OK,2020-08-09 09:57:10
89171693,jahirul,Gifts Fixing,GNU C++14,OK,2020-08-07 10:15:42
89107612,jahirul,New Year Garland,GNU C++14,WRONG_ANSWER,2020-08-06 15:48:21
88997978,jahirul,Remove Smallest,GNU C++14,OK,2020-08-05 21:10:19
88994749,jahirul,Remove Smallest,GNU C++14,WRONG_ANSWER,2020-08-05 21:06:28
88932345,jahirul,Holiday Of Equality,GNU C++14,OK,2020-08-05 15:24:56
88929268,jahirul,Calculating Function,GNU C++14,OK,2020-08-05 14:36:41
88924174,jahirul,Hulk,GNU C++14,OK,2020-08-05 13:14:28
88921707,jahirul,Hit the Lottery,GNU C++14,OK,2020-08-05 12:36:59
88916075,jahirul,Divisibility Problem,GNU C++14,OK,2020-08-05 10:56:47
88913541,jahirul,Wrong Subtraction,GNU C++14,OK,2020-08-05 09:55:12
88912601,jahirul,Bear and Big Brother,GNU C++14,OK,2020-08-05 09:29:44
88891111,jahirul,Cut Ribbon,GNU C++14,WRONG_ANSWER,2020-08-04 23:02:29
88889613,jahirul,Cut Ribbon,GNU C++14,WRONG_ANSWER,2020-08-04 22:41:04
88836881,jahirul,Police Recruits,GNU C++14,OK,2020-08-04 09:07:31
88560717,jahirul,Raising Bacteria,GNU C++14,OK,2020-07-31 11:55:32
88539672,jahirul,Life Without Zeros,GNU C++14,OK,2020-07-31 02:16:10
88539599,jahirul,Life Without Zeros,GNU C++14,WRONG_ANSWER,2020-07-31 02:14:35
88436295,jahirul,Team Olympiad,GNU C++14,OK,2020-07-30 18:03:08
88435968,jahirul,Team Olympiad,GNU C++14,WRONG_ANSWER,2020-07-30 17:59:10
88232790,jahirul,Team Olympiad,GNU C++14,TIME_LIMIT_EXCEEDED,2020-07-29 01:18:43
88232056,jahirul,Team Olympiad,GNU C++14,WRONG_ANSWER,2020-07-29 01:06:22
88231610,jahirul,Team Olympiad,GNU C++14,COMPILATION_ERROR,2020-07-29 00:58:09
88211145,jahirul,Team Olympiad,GNU C++14,TIME_LIMIT_EXCEEDED,2020-07-28 20:12:15
87960214,jahirul,Number Game,GNU C++14,OK,2020-07-25 11:34:26
87850651,jahirul,Number Game,GNU C++14,WRONG_ANSWER,2020-07-24 16:19:29
87847664,jahirul,Number Game,GNU C++14,WRONG_ANSWER,2020-07-24 15:37:59
86878217,jahirul,Boredom,GNU C++14,TIME_LIMIT_EXCEEDED,2020-07-15 09:42:28
86822195,jahirul,Olesya and Rodion,GNU C++14,OK,2020-07-14 16:50:05
86189279,jahirul,IQ test,GNU C++14,OK,2020-07-07 15:54:26
86189196,jahirul,IQ test,GNU C++14,WRONG_ANSWER,2020-07-07 15:53:17
86188934,jahirul,IQ test,GNU C++14,WRONG_ANSWER,2020-07-07 15:48:35
86187730,jahirul,IQ test,GNU C++14,OK,2020-07-07 15:30:03
86175924,jahirul,Cheap Travel,GNU C++14,OK,2020-07-07 12:36:48
86175638,jahirul,Cheap Travel,GNU C++14,OK,2020-07-07 12:32:17
56266413,jahirul,Steaks,GNU C++14,WRONG_ANSWER,2019-06-29 16:04:39
56264598,jahirul,Steaks,GNU C++14,WRONG_ANSWER,2019-06-29 15:22:25
56263731,jahirul,Is It Easy ?,GNU C++14,OK,2019-06-29 15:06:03
56046717,jahirul,Ultra-Fast Mathematician,GNU C++14,OK,2019-06-25 22:57:53
53248610,jahirul,Design Tutorial: Learn from Math,GNU C++14,OK,2019-04-24 22:01:45
53247677,jahirul,Design Tutorial: Learn from Math,GNU C++14,WRONG_ANSWER,2019-04-24 21:57:21
53225265,jahirul,Is your horseshoe on the other hoof?,GNU C++14,OK,2019-04-24 20:06:18
53223905,jahirul,Pangram,GNU C++14,OK,2019-04-24 19:20:52
53222254,jahirul,Pangram,GNU C++14,WRONG_ANSWER,2019-04-24 18:28:52
53165208,jahirul,Soft Drinking,GNU C++14,OK,2019-04-22 23:43:21
53164693,jahirul,Soft Drinking,GNU C++14,WRONG_ANSWER,2019-04-22 23:30:32
53161297,jahirul,Again Twenty Five!,GNU C++14,OK,2019-04-22 22:34:40
53160802,jahirul,Again Twenty Five!,GNU C++14,COMPILATION_ERROR,2019-04-22 22:33:21
52420198,jahirul,Tram,GNU C++14,OK,2019-04-06 22:46:15
51733068,jahirul,Olesya and Rodion,GNU C++17,WRONG_ANSWER,2019-03-23 04:55:32
51733030,jahirul,Olesya and Rodion,GNU C++17,WRONG_ANSWER,2019-03-23 04:53:14
51732563,jahirul,Cheap Travel,GNU C++17,WRONG_ANSWER,2019-03-23 04:27:51
51732535,jahirul,Cheap Travel,GNU C++17,WRONG_ANSWER,2019-03-23 04:25:59
51732416,jahirul,Cheap Travel,GNU C++17,WRONG_ANSWER,2019-03-23 04:19:07
51732099,jahirul,Cheap Travel,GNU C++17,WRONG_ANSWER,2019-03-23 04:01:13
51731915,jahirul,Cheap Travel,GNU C++17,WRONG_ANSWER,2019-03-23 03:50:49
51394494,jahirul,Fancy Fence,GNU C++17,OK,2019-03-17 09:10:16
51393316,jahirul,Brain's Photos,GNU C++17,OK,2019-03-17 08:09:26
51393193,jahirul,Brain's Photos,GNU C++17,WRONG_ANSWER,2019-03-17 08:01:46
51392600,jahirul,Multiplication Table,GNU C++17,OK,2019-03-17 07:15:55
51392418,jahirul,Multiplication Table,GNU C++17,WRONG_ANSWER,2019-03-17 07:00:09
51381839,jahirul,Vanya and Fence,GNU C++17,OK,2019-03-16 22:40:59
51367949,jahirul,Team Olympiad,GNU C++17,TIME_LIMIT_EXCEEDED,2019-03-16 16:36:49
51367412,jahirul,Team Olympiad,GNU C++17,TIME_LIMIT_EXCEEDED,2019-03-16 16:21:10
51367064,jahirul,Team Olympiad,GNU C++17,TIME_LIMIT_EXCEEDED,2019-03-16 16:11:33
51366905,jahirul,Team Olympiad,GNU C++17,TIME_LIMIT_EXCEEDED,2019-03-16 16:06:53
51366727,jahirul,Team Olympiad,GNU C++17,TIME_LIMIT_EXCEEDED,2019-03-16 16:01:58
51366624,jahirul,Team Olympiad,GNU C++17,TIME_LIMIT_EXCEEDED,2019-03-16 15:58:42
51365408,jahirul,Mishka and Game,GNU C++17,OK,2019-03-16 15:20:33
51364094,jahirul,In Search of an Easy Problem,GNU C++17,OK,2019-03-16 14:43:22
51360896,jahirul,Stones on the Table,GNU C++17,OK,2019-03-16 13:13:34
51345315,jahirul,Word,GNU C++17,OK,2019-03-16 00:08:10
51345259,jahirul,Boy or Girl,GNU C++17,OK,2019-03-16 00:06:25
51345211,jahirul,Anton and Danik,GNU C++17,OK,2019-03-16 00:05:11
51345147,jahirul,Anton and Polyhedrons,GNU C++17,OK,2019-03-16 00:03:48
51310902,jahirul,Life Without Zeros,GNU C++17,WRONG_ANSWER,2019-03-15 01:19:26
51306730,jahirul,Elephant,GNU C++17,OK,2019-03-14 23:10:06
51306663,jahirul,Elephant,GNU C++17,WRONG_ANSWER,2019-03-14 23:08:33
51306513,jahirul,Elephant,GNU C++17,OK,2019-03-14 23:03:51
51304260,jahirul,Johny Likes Numbers,GNU C++17,OK,2019-03-14 21:59:39
51303833,jahirul,Kefa and First Steps,GNU C++17,OK,2019-03-14 21:46:44
51282918,jahirul,Domino piling,GNU C++17,OK,2019-03-14 11:27:41
51281230,jahirul,Theatre Square,GNU C++17,OK,2019-03-14 10:05:58
51279936,jahirul,Theatre Square,GNU C++17,WRONG_ANSWER,2019-03-14 08:44:56
51279913,jahirul,Theatre Square,GNU C++14,WRONG_ANSWER,2019-03-14 08:43:26
51279859,jahirul,Theatre Square,GNU C++14,WRONG_ANSWER,2019-03-14 08:39:48
51279295,jahirul,Theatre Square,GNU C++14,WRONG_ANSWER,2019-03-14 07:59:26
51182462,jahirul,Nastya Is Reading a Book,GNU C++14,OK,2019-03-11 23:13:08
51145434,jahirul,George and Accommodation,GNU C++14,OK,2019-03-11 05:29:55
51145261,jahirul,HQ9+,GNU C++14,OK,2019-03-11 05:11:51
51145229,jahirul,HQ9+,GNU C++14,WRONG_ANSWER,2019-03-11 05:09:30
51145174,jahirul,HQ9+,GNU C++14,WRONG_ANSWER,2019-03-11 05:02:41
50847875,jahirul,Clear the String,GNU C++14,WRONG_ANSWER,2019-03-05 22:31:12
50738802,jahirul,Translation,GNU C++14,OK,2019-03-03 20:14:41
50734153,jahirul,Chat room,GNU C++14,OK,2019-03-03 18:11:21
50734009,jahirul,Chat room,GNU C++14,WRONG_ANSWER,2019-03-03 18:07:37
50732713,jahirul,Lucky Sum of Digits,GNU C++14,OK,2019-03-03 17:35:47
50732645,jahirul,Lucky Sum of Digits,GNU C++14,WRONG_ANSWER,2019-03-03 17:34:01
50732539,jahirul,Lucky Sum of Digits,GNU C++14,WRONG_ANSWER,2019-03-03 17:31:06
50732312,jahirul,Lucky Sum of Digits,GNU C++14,WRONG_ANSWER,2019-03-03 17:28:46
50714541,jahirul,Lucky Sum of Digits,GNU C++14,WRONG_ANSWER,2019-03-03 13:30:34
50713921,jahirul,Lucky Sum of Digits,GNU C++14,WRONG_ANSWER,2019-03-03 13:25:04
50713814,jahirul,Lucky Sum of Digits,GNU C++14,WRONG_ANSWER,2019-03-03 13:24:13
50713628,jahirul,Lucky Sum of Digits,GNU C++14,WRONG_ANSWER,2019-03-03 13:22:42
50711129,jahirul,Nearly Lucky Number,GNU C++14,OK,2019-03-03 12:55:24
50710762,jahirul,Helpful Maths,GNU C++14,OK,2019-03-03 12:44:07
50707385,jahirul,The New Year: Meeting Friends,GNU C++14,OK,2019-03-03 11:02:58
50707073,jahirul,The New Year: Meeting Friends,GNU C++14,WRONG_ANSWER,2019-03-03 10:51:34
50696860,jahirul,Nearly Lucky Number,GNU C++14,WRONG_ANSWER,2019-03-03 00:36:14
50696720,jahirul,Nearly Lucky Number,GNU C++14,WRONG_ANSWER,2019-03-03 00:31:31
50696530,jahirul,Nearly Lucky Number,GNU C++14,WRONG_ANSWER,2019-03-03 00:25:37
50694962,jahirul,Soldier and Bananas,GNU C++14,OK,2019-03-02 23:38:25
50694886,jahirul,Soldier and Bananas,GNU C++14,OK,2019-03-02 23:35:36
50691913,jahirul,Taxi,GNU C++14,OK,2019-03-02 22:06:01
50686628,jahirul,Beautiful Matrix,GNU C++14,OK,2019-03-02 19:57:39
50686272,jahirul,Beautiful Matrix,GNU C++14,WRONG_ANSWER,2019-03-02 19:48:44
50657309,jahirul,Petya and Strings,GNU C++17,OK,2019-03-02 02:15:38
50656441,jahirul,Bit++,GNU C++17,OK,2019-03-02 01:47:46
50656194,jahirul,Bit++,GNU C++17,WRONG_ANSWER,2019-03-02 01:40:54
50656113,jahirul,Bit++,GNU C++14,WRONG_ANSWER,2019-03-02 01:38:39
50656045,jahirul,Bit++,GNU C++14,WRONG_ANSWER,2019-03-02 01:36:40
50655894,jahirul,Bit++,GNU C++14,WRONG_ANSWER,2019-03-02 01:32:22
50454436,jahirul,Be Positive,GNU C++14,OK,2019-02-24 22:58:24
50453654,jahirul,Be Positive,GNU C++14,WRONG_ANSWER,2019-02-24 22:53:43
50451593,jahirul,Be Positive,GNU C++14,WRONG_ANSWER,2019-02-24 22:41:51
50426432,jahirul,Flood Fill,GNU C++14,WRONG_ANSWER,2019-02-24 17:47:04
50426073,jahirul,Flood Fill,GNU C++14,WRONG_ANSWER,2019-02-24 17:35:42
50398047,jahirul,Birthday,GNU C++14,OK,2019-02-23 22:50:35
50397909,jahirul,Birthday,GNU C++14,WRONG_ANSWER,2019-02-23 22:47:42
50384406,jahirul,Birthday,GNU C++14,WRONG_ANSWER,2019-02-23 18:13:13
50382283,jahirul,Birthday,GNU C++14,WRONG_ANSWER,2019-02-23 18:04:08
50353514,jahirul,Got Any Grapes?,GNU C++14,OK,2019-02-23 15:40:57
50300757,jahirul,Water Buying,GNU C++17,OK,2019-02-22 08:02:13
50300736,jahirul,Water Buying,GNU C++11,OK,2019-02-22 08:01:07
50300687,jahirul,Water Buying,GNU C++14,WRONG_ANSWER,2019-02-22 07:59:14
50300650,jahirul,Water Buying,GNU C++14,OK,2019-02-22 07:57:10
50300539,jahirul,Water Buying,GNU C++17,WRONG_ANSWER,2019-02-22 07:51:36
50300454,jahirul,Water Buying,GNU C++14,WRONG_ANSWER,2019-02-22 07:47:06
50300427,jahirul,Water Buying,GNU C++14,WRONG_ANSWER,2019-02-22 07:45:24
50271465,jahirul,Parity,GNU C++14,OK,2019-02-21 13:32:11
50271321,jahirul,Parity,GNU C++14,WRONG_ANSWER,2019-02-21 13:27:15
50155649,jahirul,Parity,GNU C++14,WRONG_ANSWER,2019-02-19 15:52:45
50155597,jahirul,Parity,GNU C++14,WRONG_ANSWER,2019-02-19 15:51:10
50155536,jahirul,Parity,GNU C++14,WRONG_ANSWER,2019-02-19 15:48:58
50155452,jahirul,Parity,GNU C++14,WRONG_ANSWER,2019-02-19 15:45:45
50155374,jahirul,Parity,GNU C++14,WRONG_ANSWER,2019-02-19 15:43:27
50155354,jahirul,Parity,GNU C++11,WRONG_ANSWER,2019-02-19 15:42:43
50155297,jahirul,Parity,GNU C++14,WRONG_ANSWER,2019-02-19 15:40:47
50155178,jahirul,Parity,GNU C++11,WRONG_ANSWER,2019-02-19 15:36:49
50133280,jahirul,Best Subsegment,GNU C++11,WRONG_ANSWER,2019-02-19 00:00:01
50133189,jahirul,Best Subsegment,GNU C++11,WRONG_ANSWER,2019-02-18 23:58:29
50133048,jahirul,Best Subsegment,GNU C++11,RUNTIME_ERROR,2019-02-18 23:56:08
50123765,jahirul,Best Subsegment,GNU C++11,RUNTIME_ERROR,2019-02-18 22:57:11
50123343,jahirul,Best Subsegment,GNU C++11,RUNTIME_ERROR,2019-02-18 22:54:57
50122305,jahirul,Best Subsegment,GNU C++11,RUNTIME_ERROR,2019-02-18 22:49:05
50120821,jahirul,Best Subsegment,GNU C++11,RUNTIME_ERROR,2019-02-18 22:40:41
50091322,jahirul,Even Odds,GNU C++11,WRONG_ANSWER,2019-02-18 16:32:33
50091161,jahirul,Even Odds,GNU C++11,WRONG_ANSWER,2019-02-18 16:27:33
50091128,jahirul,Even Odds,GNU C++11,OK,2019-02-18 16:26:19
50090366,jahirul,Even Odds,GNU C++11,WRONG_ANSWER,2019-02-18 15:58:14
50090308,jahirul,Even Odds,GNU C++11,WRONG_ANSWER,2019-02-18 15:55:42
50079860,jahirul,Vasya the Hipster,GNU C++11,OK,2019-02-18 08:50:47
50057634,jahirul,Sasha and His Trip,GNU C++11,OK,2019-02-17 17:09:47
50057425,jahirul,Sasha and His Trip,GNU C++11,WRONG_ANSWER,2019-02-17 17:03:25
50032092,jahirul,Sasha and His Trip,GNU C++11,WRONG_ANSWER,2019-02-17 00:56:59
50031764,jahirul,Sasha and His Trip,GNU C++11,WRONG_ANSWER,2019-02-17 00:54:46
50030464,jahirul,Sasha and His Trip,GNU C++11,WRONG_ANSWER,2019-02-17 00:45:58
50025433,jahirul,Sasha and His Trip,GNU C++11,TIME_LIMIT_EXCEEDED,2019-02-17 00:13:14
49902217,jahirul,Drinks,GNU C++11,OK,2019-02-14 15:59:40
49817792,jahirul,Young Physicist,GNU C++11,OK,2019-02-12 13:00:33
49817357,jahirul,Young Physicist,GNU C++11,WRONG_ANSWER,2019-02-12 12:46:29
49816801,jahirul,Perfect Number,GNU C++11,WRONG_ANSWER,2019-02-12 12:26:03
49809851,jahirul,Anton and Digits,GNU C++11,OK,2019-02-12 05:11:21
49809301,jahirul,Laptops,GNU C++11,OK,2019-02-12 04:25:24
49809281,jahirul,Laptops,GNU C++11,WRONG_ANSWER,2019-02-12 04:24:06
49809261,jahirul,Laptops,GNU C++11,WRONG_ANSWER,2019-02-12 04:21:57
46735748,jahirul,cAPS lOCK,GNU C++11,WRONG_ANSWER,2018-12-08 01:47:21
46734510,jahirul,Maximum in Table,GNU C++11,OK,2018-12-08 01:06:25
46385132,jahirul,Splitting in Teams,GNU C++14,OK,2018-11-30 03:49:28
46385096,jahirul,Splitting in Teams,GNU C++14,WRONG_ANSWER,2018-11-30 03:47:14
46385088,jahirul,Splitting in Teams,GNU C11,COMPILATION_ERROR,2018-11-30 03:46:48
44172341,jahirul,Lucky Division,GNU C11,OK,2018-10-12 12:43:12
44172254,jahirul,Way Too Long Words,GNU C11,OK,2018-10-12 12:39:51
44172201,jahirul,Way Too Long Words,GNU C11,WRONG_ANSWER,2018-10-12 12:37:58
44061695,jahirul,Expression,GNU C11,WRONG_ANSWER,2018-10-10 12:22:06
44061645,jahirul,Expression,GNU C11,OK,2018-10-10 12:20:43
44060274,jahirul,Expression,GNU C11,WRONG_ANSWER,2018-10-10 11:16:17
44059804,jahirul,Expression,GNU C11,WRONG_ANSWER,2018-10-10 10:49:43
44059761,jahirul,Expression,GNU C++11,WRONG_ANSWER,2018-10-10 10:47:27
44059728,jahirul,Expression,GNU C11,COMPILATION_ERROR,2018-10-10 10:45:46
43727839,jahirul,Word Capitalization,GNU C11,OK,2018-10-03 18:58:29
43715552,jahirul,String Task,GNU C11,OK,2018-10-03 13:03:27
43715258,jahirul,Word,GNU C11,OK,2018-10-03 12:53:04
43714897,jahirul,Boy or Girl,GNU C11,WRONG_ANSWER,2018-10-03 12:40:45
43714768,jahirul,String Task,GNU C11,WRONG_ANSWER,2018-10-03 12:35:34
43681720,jahirul,Football,GNU C11,OK,2018-10-02 16:33:06
43681604,jahirul,Football,GNU C11,WRONG_ANSWER,2018-10-02 16:29:16
43596640,jahirul,Way Too Long Words,GNU C11,WRONG_ANSWER,2018-09-30 13:35:32
43596496,jahirul,Way Too Long Words,GNU C11,WRONG_ANSWER,2018-09-30 13:30:08
43594968,jahirul,Next Round,GNU C11,OK,2018-09-30 12:21:35
43594769,jahirul,Next Round,GNU C11,WRONG_ANSWER,2018-09-30 12:12:46
43594583,jahirul,Next Round,GNU C11,WRONG_ANSWER,2018-09-30 12:02:25
43593715,jahirul,Team,GNU C11,OK,2018-09-30 11:20:34
41441649,jahirul,Elephant,GNU C,WRONG_ANSWER,2018-08-11 00:45:11
41441318,jahirul,Watermelon,GNU C,OK,2018-08-11 00:31:58
41390482,jahirul,Theatre Square,GNU C,WRONG_ANSWER,2018-08-09 14:12:22
41390382,jahirul,Watermelon,GNU C,WRONG_ANSWER,2018-08-09 14:09:44
